id_agente_turno,id_agente,id_turno,fecha_inicio,fecha_fin
1,1,1,2025-06-01,2026-05-26
2,2,2,2025-06-01,2026-05-26
3,3,2,2025-06-01,2026-05-26
4,4,2,2025-06-01,2026-05-26
5,5,1,2025-10-08,2025-12-04
6,5,2,2025-12-05,2026-05-26
7,6,3,2025-06-01,2026-05-26
8,7,2,2025-06-01,2026-05-26
9,8,2,2025-07-04,2025-09-30
10,8,1,2025-10-01,2026-05-26
11,9,2,2025-06-01,2025-08-14
12,9,2,2025-08-15,2026-05-26
13,10,2,2025-11-18,2026-02-18
14,10,1,2026-02-19,2026-05-26
15,11,2,2025-06-01,2025-08-30
16,11,2,2025-08-31,2026-05-26
17,12,1,2025-06-01,2025-08-12
18,12,1,2025-08-13,2026-05-26
19,13,1,2025-06-01,2026-05-26
20,14,1,2025-06-01,2026-05-26
21,15,2,2025-06-01,2026-05-26
22,16,1,2025-08-01,2026-05-26
23,17,2,2025-06-01,2026-05-26
24,18,2,2025-06-01,2025-08-27
25,18,1,2025-08-28,2026-05-26
26,19,1,2026-04-27,2026-05-26
27,20,2,2025-06-01,2026-05-26
28,21,1,2025-06-01,2025-09-08
29,21,3,2025-09-09,2026-05-26
30,22,2,2025-06-01,2025-07-29
31,22,2,2025-07-30,2026-05-26
32,23,1,2025-06-01,2025-08-26
33,23,2,2025-08-27,2026-05-26
34,24,2,2025-06-01,2026-05-26
35,25,1,2025-06-01,2026-05-26
36,26,3,2025-10-19,2026-05-26
37,27,1,2025-06-01,2025-07-16
38,27,2,2025-07-17,2026-05-26
39,28,1,2025-06-01,2026-05-26
40,29,2,2025-06-01,2025-09-05
41,29,2,2025-09-06,2026-05-26
42,30,1,2025-06-01,2026-05-26
43,31,1,2025-06-01,2026-05-26
44,32,1,2025-06-01,2026-05-26
45,33,2,2025-06-01,2026-05-26
46,34,1,2026-05-12,2026-05-26
47,35,3,2025-06-01,2026-05-26
48,36,1,2025-06-01,2026-05-26
49,37,1,2025-06-03,2025-07-26
50,37,1,2025-07-27,2026-05-26
51,38,1,2025-07-07,2026-05-26
52,39,2,2025-06-01,2026-05-26
53,40,2,2025-06-01,2026-05-26
54,41,3,2025-06-01,2026-05-26
55,42,2,2025-06-01,2026-05-26
56,43,1,2025-06-01,2026-05-26
57,44,1,2025-06-01,2026-05-26
58,45,2,2025-06-01,2026-05-26
59,46,1,2025-06-01,2025-08-18
60,46,2,2025-08-19,2026-05-26
61,47,1,2026-05-01,2026-05-26
62,47,2,2026-05-26,2026-05-26
63,48,3,2025-06-01,2026-05-26
64,49,1,2025-06-01,2025-07-27
65,49,1,2025-07-28,2026-05-26
66,50,1,2025-06-01,2026-05-26
67,51,3,2025-06-01,2026-05-26
68,52,1,2026-03-27,2026-05-26
69,53,1,2025-06-01,2026-05-26
70,54,3,2025-06-01,2026-05-26
71,55,3,2026-03-11,2026-05-04
72,55,2,2026-05-05,2026-05-26
73,56,2,2025-06-01,2026-05-26
74,57,2,2025-06-01,2026-05-26
75,58,2,2025-06-01,2026-05-26
76,59,1,2025-06-01,2026-05-26
77,60,2,2025-06-01,2025-07-30
78,60,2,2025-07-31,2026-05-26
79,61,2,2025-06-01,2026-05-26
80,62,3,2026-02-16,2026-05-26
81,63,1,2025-06-01,2026-05-26
82,64,2,2025-06-01,2025-09-05
83,64,2,2025-09-06,2026-05-26
84,65,1,2025-06-01,2026-05-26
85,66,2,2025-06-01,2026-05-26
86,67,1,2025-10-22,2026-05-26
87,68,1,2025-06-01,2026-05-26
88,69,1,2025-06-01,2025-07-20
89,69,2,2025-07-21,2026-05-26
90,70,2,2025-06-01,2026-05-26
91,71,2,2025-06-01,2026-05-26
92,72,3,2025-06-01,2026-05-26
93,73,2,2025-09-13,2026-05-26
94,74,2,2025-06-01,2026-05-26
95,75,2,2025-06-01,2025-09-02
96,75,1,2025-09-03,2026-05-26
97,76,2,2025-08-01,2025-10-25
98,76,2,2025-10-26,2026-05-26
99,77,1,2025-06-01,2026-05-26
100,78,1,2025-06-01,2025-07-16
101,78,3,2025-07-17,2026-05-26
102,79,2,2025-06-01,2026-05-26
103,80,1,2025-10-25,2026-05-26
104,81,2,2025-06-01,2025-09-04
105,81,2,2025-09-05,2026-05-26
106,82,1,2025-06-01,2026-05-26
107,83,2,2025-06-01,2026-05-26
108,84,1,2025-06-01,2026-05-26
109,85,2,2025-06-01,2026-05-26
110,86,1,2025-06-01,2026-05-26
111,87,1,2025-06-01,2025-07-18
112,87,1,2025-07-19,2026-05-26
113,88,1,2025-06-01,2026-05-26
114,89,1,2025-06-01,2026-05-26
115,90,1,2025-06-01,2025-08-23
116,90,3,2025-08-24,2026-05-26
117,91,1,2025-06-01,2026-05-26
118,92,2,2025-06-01,2025-08-22
119,92,2,2025-08-23,2026-05-26
120,93,1,2026-04-18,2026-05-26
121,94,1,2025-11-12,2026-05-26
122,95,3,2025-06-01,2025-08-25
123,95,2,2025-08-26,2026-05-26
124,96,3,2025-06-01,2026-05-26
125,97,2,2025-06-01,2025-08-02
126,97,1,2025-08-03,2026-05-26
127,98,1,2025-06-01,2025-09-01
128,98,3,2025-09-02,2026-05-26
129,99,2,2025-06-01,2026-05-26
130,100,1,2026-02-27,2026-05-26
131,101,2,2025-06-01,2026-05-26
132,102,1,2025-06-01,2026-05-26
133,103,1,2026-05-08,2026-05-26
134,103,1,2026-05-26,2026-05-26
135,104,2,2025-06-01,2025-08-04
136,104,2,2025-08-05,2026-05-26
137,105,2,2025-06-01,2025-08-26
138,105,1,2025-08-27,2026-05-26
139,106,1,2025-06-01,2025-07-18
140,106,3,2025-07-19,2026-05-26
141,107,2,2025-06-16,2026-05-26
142,108,1,2025-06-01,2026-05-26
143,109,3,2025-06-01,2026-05-26
144,110,2,2025-06-09,2025-08-02
145,110,1,2025-08-03,2026-05-26
146,111,3,2025-06-01,2026-05-26
147,112,3,2025-06-01,2026-05-26
148,113,3,2025-06-01,2026-05-26
149,114,1,2026-02-18,2026-05-26
150,115,2,2026-05-07,2026-05-26
151,115,2,2026-05-26,2026-05-26
152,116,1,2025-12-04,2026-05-26
153,117,2,2026-02-05,2026-05-26
154,118,2,2025-06-01,2026-05-26
155,119,3,2025-06-01,2026-05-26
156,120,1,2025-06-01,2026-05-26
157,121,1,2025-06-01,2026-05-26
158,122,2,2025-06-01,2026-05-26
159,123,1,2025-09-11,2025-12-15
160,123,3,2025-12-16,2026-05-26
161,124,2,2025-06-01,2025-09-01
162,124,3,2025-09-02,2026-05-26
163,125,1,2025-06-01,2026-05-26
164,126,2,2025-06-01,2026-05-26
165,127,1,2025-06-01,2026-05-26
166,128,3,2025-06-01,2025-07-27
167,128,2,2025-07-28,2026-05-26
168,129,2,2025-06-01,2026-05-26
169,130,1,2025-06-01,2026-05-26
170,131,2,2025-06-01,2026-05-26
171,132,2,2026-05-22,2026-05-26
172,133,2,2025-06-01,2025-07-19
173,133,2,2025-07-20,2026-05-26
174,134,3,2025-06-01,2025-08-28
175,134,1,2025-08-29,2026-05-26
176,135,2,2025-06-01,2026-05-26
177,136,2,2025-06-01,2025-09-04
178,136,3,2025-09-05,2026-05-26
179,137,1,2025-06-01,2026-05-26
180,138,2,2025-06-01,2026-05-26
181,139,1,2025-06-01,2026-05-26
182,140,1,2025-06-01,2026-05-26
183,141,1,2025-06-01,2026-05-26
184,142,2,2025-06-01,2026-05-26
185,143,2,2026-04-18,2026-05-26
186,144,1,2025-06-01,2025-08-15
187,144,2,2025-08-16,2026-05-26
188,145,2,2025-06-01,2026-05-26
189,146,1,2025-06-01,2025-08-05
190,146,3,2025-08-06,2026-05-26
191,147,2,2025-06-01,2025-08-08
192,147,1,2025-08-09,2026-05-26
193,148,2,2025-06-01,2026-05-26
194,149,2,2025-11-14,2026-05-26
195,150,3,2025-06-01,2026-05-26
196,151,2,2025-06-01,2025-07-24
197,151,1,2025-07-25,2026-05-26
198,152,3,2025-06-01,2026-05-26
199,153,1,2025-06-01,2025-09-03
200,153,2,2025-09-04,2026-05-26
201,154,2,2025-06-01,2025-09-06
202,154,2,2025-09-07,2026-05-26
203,155,1,2026-03-03,2026-04-25
204,155,2,2026-04-26,2026-05-26
205,156,3,2025-06-01,2026-05-26
206,157,2,2025-06-01,2026-05-26
207,158,2,2025-06-16,2026-05-26
208,159,1,2025-06-01,2025-08-02
209,159,3,2025-08-03,2026-05-26
210,160,1,2025-06-01,2025-09-05
211,160,1,2025-09-06,2026-05-26
212,161,3,2025-06-01,2026-05-26
213,162,1,2025-06-01,2025-08-12
214,162,1,2025-08-13,2026-05-26
215,163,1,2025-06-01,2025-08-31
216,163,2,2025-09-01,2026-05-26
217,164,2,2025-06-01,2025-08-27
218,164,1,2025-08-28,2026-05-26
219,165,1,2025-06-01,2026-05-26
220,166,1,2025-06-01,2025-08-06
221,166,2,2025-08-07,2026-05-26
222,167,1,2025-06-01,2025-09-04
223,167,1,2025-09-05,2026-05-26
224,168,2,2025-06-01,2025-08-24
225,168,1,2025-08-25,2026-05-26
226,169,2,2025-06-01,2026-05-26
227,170,3,2026-02-25,2026-05-24
228,170,1,2026-05-25,2026-05-26
229,171,1,2025-06-01,2026-05-26
230,172,3,2025-06-01,2026-05-26
231,173,1,2025-06-01,2026-05-26
232,174,3,2025-06-01,2026-05-26
233,175,1,2025-06-01,2025-08-02
234,175,1,2025-08-03,2026-05-26
235,176,2,2025-06-01,2026-05-26
236,177,2,2025-06-01,2026-05-26
237,178,1,2025-07-23,2025-10-27
238,178,2,2025-10-28,2026-05-26
239,179,3,2025-08-24,2025-11-11
240,179,1,2025-11-12,2026-05-26
241,180,1,2025-06-01,2025-07-30
242,180,2,2025-07-31,2026-05-26
243,181,1,2025-06-01,2025-08-31
244,181,1,2025-09-01,2026-05-26
245,182,2,2025-06-01,2026-05-26
246,183,1,2025-06-01,2026-05-26
247,184,1,2025-06-01,2026-05-26
248,185,2,2025-06-01,2026-05-26
249,186,3,2025-06-01,2026-05-26
250,187,1,2025-06-01,2026-05-26
251,188,2,2025-06-01,2026-05-26
252,189,2,2025-10-07,2026-05-26
253,190,1,2025-06-01,2026-05-26
254,191,3,2025-06-01,2025-08-01
255,191,1,2025-08-02,2026-05-26
256,192,1,2026-02-28,2026-05-26
257,193,3,2025-06-01,2026-05-26
258,194,2,2025-06-01,2026-05-26
259,195,2,2025-12-03,2026-01-26
260,195,2,2026-01-27,2026-05-26
261,196,2,2025-06-01,2025-07-26
262,196,2,2025-07-27,2026-05-26
263,197,2,2025-06-01,2026-05-26
264,198,1,2026-01-13,2026-03-14
265,198,1,2026-03-15,2026-05-26
266,199,2,2025-11-02,2026-05-26
267,200,3,2025-06-01,2026-05-26
268,201,1,2025-06-01,2025-07-31
269,201,1,2025-08-01,2026-05-26
270,202,3,2025-06-01,2026-05-26
271,203,1,2025-06-01,2026-05-26
272,204,1,2025-06-01,2025-08-17
273,204,1,2025-08-18,2026-05-26
274,205,3,2026-01-29,2026-05-26
275,206,1,2026-01-22,2026-04-16
276,206,3,2026-04-17,2026-05-26
277,207,1,2025-06-01,2026-05-26
278,208,1,2025-06-01,2025-07-24
279,208,2,2025-07-25,2026-05-26
280,209,2,2025-06-01,2026-05-26
281,210,1,2025-06-01,2026-05-26
282,211,3,2025-08-05,2026-05-26
283,212,1,2025-06-01,2026-05-26
284,213,2,2025-06-01,2026-05-26
285,214,2,2025-06-01,2025-08-20
286,214,2,2025-08-21,2026-05-26
287,215,1,2025-06-01,2026-05-26
288,216,1,2025-06-01,2026-05-26
289,217,2,2025-06-01,2026-05-26
290,218,1,2025-06-01,2026-05-26
291,219,3,2025-06-01,2025-08-21
292,219,3,2025-08-22,2026-05-26
293,220,3,2025-06-01,2026-05-26
294,221,1,2025-06-01,2026-05-26
295,222,1,2025-06-01,2025-07-22
296,222,2,2025-07-23,2026-05-26
297,223,3,2025-06-01,2026-05-26
298,224,3,2025-06-01,2025-07-23
299,224,1,2025-07-24,2026-05-26
300,225,3,2025-06-01,2025-08-22
301,225,2,2025-08-23,2026-05-26
302,226,2,2025-06-01,2026-05-26
303,227,1,2025-06-01,2026-05-26
304,228,1,2025-06-01,2026-05-26
305,229,1,2025-06-01,2026-05-26
306,230,1,2025-06-01,2025-08-23
307,230,2,2025-08-24,2026-05-26
308,231,1,2025-06-01,2026-05-26
309,232,2,2025-06-01,2026-05-26
310,233,1,2025-06-01,2025-08-09
311,233,2,2025-08-10,2026-05-26
312,234,3,2025-06-01,2025-09-02
313,234,2,2025-09-03,2026-05-26
314,235,2,2026-03-27,2026-05-26
315,236,1,2025-06-01,2026-05-26
316,237,3,2025-06-01,2025-07-28
317,237,2,2025-07-29,2026-05-26
318,238,1,2025-06-01,2026-05-26
319,239,2,2025-06-01,2026-05-26
320,240,2,2025-11-08,2026-05-26
321,241,1,2025-06-01,2026-05-26
322,242,2,2025-06-01,2026-05-26
323,243,1,2025-06-01,2026-05-26
324,244,2,2025-06-01,2026-05-26
325,245,2,2025-06-01,2026-05-26
326,246,2,2025-06-01,2025-07-27
327,246,2,2025-07-28,2026-05-26
328,247,1,2026-04-02,2026-05-26
329,247,2,2026-05-26,2026-05-26
330,248,2,2025-06-01,2025-08-11
331,248,1,2025-08-12,2026-05-26
332,249,2,2025-06-01,2026-05-26
333,250,2,2025-06-01,2026-05-26
334,251,2,2025-06-01,2026-05-26
335,252,2,2025-06-01,2026-05-26
336,253,2,2025-06-01,2026-05-26
337,254,1,2025-06-01,2026-05-26
338,255,1,2025-06-29,2026-05-26
339,256,1,2025-06-01,2025-08-08
340,256,1,2025-08-09,2026-05-26
341,257,3,2025-06-01,2026-05-26
342,258,2,2026-01-31,2026-03-23
343,258,1,2026-03-24,2026-05-26
344,259,3,2025-06-01,2025-08-22
345,259,2,2025-08-23,2026-05-26
346,260,1,2026-03-08,2026-05-26
347,261,1,2025-10-24,2026-05-26
348,262,2,2025-06-01,2026-05-26
349,263,1,2025-06-01,2025-08-02
350,263,2,2025-08-03,2026-05-26
351,264,3,2025-06-01,2025-08-20
352,264,2,2025-08-21,2026-05-26
353,265,1,2025-06-01,2026-05-26
354,266,2,2025-06-01,2026-05-26
355,267,2,2025-06-01,2026-05-26
356,268,1,2025-06-01,2025-08-27
357,268,1,2025-08-28,2026-05-26
358,269,2,2025-06-01,2026-05-26
359,270,1,2025-11-10,2026-05-26
360,271,2,2025-06-01,2026-05-26
361,272,1,2025-06-01,2026-05-26
362,273,1,2025-06-01,2025-08-27
363,273,2,2025-08-28,2026-05-26
364,274,2,2026-02-04,2026-05-26
365,275,2,2025-06-01,2025-08-08
366,275,2,2025-08-09,2026-05-26
367,276,1,2025-06-01,2026-05-26
368,277,2,2026-03-06,2026-05-26
369,278,2,2025-11-21,2026-05-26
370,279,1,2025-06-01,2025-07-29
371,279,3,2025-07-30,2026-05-26
372,280,1,2025-06-01,2026-05-26
373,281,1,2025-06-01,2026-05-26
374,282,2,2025-06-01,2025-08-01
375,282,1,2025-08-02,2026-05-26
376,283,2,2025-06-01,2026-05-26
377,284,1,2025-08-26,2026-05-26
378,285,1,2025-06-01,2026-05-26
379,286,2,2025-06-01,2026-05-26
380,287,2,2025-06-01,2026-05-26
381,288,2,2025-06-01,2025-08-29
382,288,2,2025-08-30,2026-05-26
383,289,2,2026-02-17,2026-04-04
384,289,1,2026-04-05,2026-05-26
385,290,2,2025-06-01,2026-05-26
386,291,1,2025-06-01,2025-08-23
387,291,2,2025-08-24,2026-05-26
388,292,2,2025-07-10,2025-08-26
389,292,1,2025-08-27,2026-05-26
390,293,1,2025-06-01,2025-08-11
391,293,3,2025-08-12,2026-05-26
392,294,1,2025-06-01,2025-07-23
393,294,3,2025-07-24,2026-05-26
394,295,1,2025-06-01,2026-05-26
395,296,2,2025-06-01,2026-05-26
396,297,2,2025-06-01,2026-05-26
397,298,2,2025-06-01,2026-05-26
398,299,2,2025-06-01,2025-07-30
399,299,3,2025-07-31,2026-05-26
400,300,1,2025-06-01,2026-05-26
401,301,3,2025-06-01,2025-08-24
402,301,3,2025-08-25,2026-05-26
403,302,1,2025-06-01,2026-05-26
404,303,1,2025-06-01,2025-07-25
405,303,1,2025-07-26,2026-05-26
406,304,1,2025-06-01,2025-08-10
407,304,2,2025-08-11,2026-05-26
408,305,1,2025-06-01,2025-08-02
409,305,3,2025-08-03,2026-05-26
410,306,2,2026-04-22,2026-05-26
411,307,2,2025-06-01,2025-07-16
412,307,2,2025-07-17,2026-05-26
413,308,2,2025-06-01,2026-05-26
414,309,1,2025-08-13,2026-05-26
415,310,3,2025-06-01,2026-05-26
416,311,1,2025-06-01,2026-05-26
417,312,1,2025-10-24,2026-05-26
418,313,3,2025-06-01,2026-05-26
419,314,1,2025-09-27,2026-05-26
420,315,1,2025-06-01,2026-05-26
421,316,2,2025-06-01,2026-05-26
422,317,3,2026-05-22,2026-05-26
423,318,2,2025-06-01,2025-07-29
424,318,3,2025-07-30,2026-05-26
425,319,2,2025-06-01,2025-07-28
426,319,3,2025-07-29,2026-05-26
427,320,3,2025-06-01,2026-05-26
428,321,2,2025-06-01,2026-05-26
429,322,3,2025-07-17,2026-05-26
430,323,1,2025-06-01,2026-05-26
431,324,1,2025-06-01,2025-07-28
432,324,2,2025-07-29,2026-05-26
433,325,3,2025-06-01,2026-05-26
434,326,1,2025-11-13,2026-05-26
435,327,1,2025-06-01,2026-05-26
436,328,2,2025-06-01,2025-08-03
437,328,1,2025-08-04,2026-05-26
438,329,2,2026-04-09,2026-05-26
439,330,2,2025-06-01,2025-08-02
440,330,1,2025-08-03,2026-05-26
441,331,2,2025-06-01,2026-05-26
442,332,2,2025-06-01,2026-05-26
443,333,2,2025-06-01,2026-05-26
444,334,2,2025-06-01,2025-07-24
445,334,2,2025-07-25,2026-05-26
446,335,3,2025-06-01,2026-05-26
447,336,3,2025-06-01,2026-05-26
448,337,2,2026-02-07,2026-05-26
449,338,1,2025-06-01,2025-08-11
450,338,2,2025-08-12,2026-05-26
451,339,1,2025-06-01,2026-05-26
452,340,2,2025-06-01,2026-05-26
453,341,2,2025-06-01,2026-05-26
454,342,3,2025-06-01,2026-05-26
455,343,2,2026-05-07,2026-05-26
456,344,2,2025-06-01,2025-08-02
457,344,1,2025-08-03,2026-05-26
458,345,1,2026-03-22,2026-05-26
459,346,1,2025-12-31,2026-05-26
460,347,1,2026-03-15,2026-05-26
461,348,2,2025-06-01,2026-05-26
462,349,1,2025-07-31,2026-05-26
463,350,1,2025-06-01,2026-05-26
464,351,1,2025-06-01,2026-05-26
465,352,1,2026-01-13,2026-05-26
466,353,1,2025-06-01,2026-05-26
467,354,1,2025-06-01,2025-09-07
468,354,3,2025-09-08,2026-05-26
469,355,1,2025-06-01,2026-05-26
470,356,1,2025-06-01,2026-05-26
471,357,2,2025-06-01,2025-08-16
472,357,3,2025-08-17,2026-05-26
473,358,1,2025-06-01,2026-05-26
474,359,2,2025-06-01,2025-07-31
475,359,2,2025-08-01,2026-05-26
476,360,1,2025-06-01,2026-05-26
477,361,1,2025-06-01,2026-05-26
478,362,2,2026-01-26,2026-03-16
479,362,1,2026-03-17,2026-05-26
480,363,1,2025-06-01,2026-05-26
481,364,1,2025-06-01,2026-05-26
482,365,2,2025-06-06,2026-05-26
483,366,3,2025-06-01,2025-08-22
484,366,1,2025-08-23,2026-05-26
485,367,2,2025-06-01,2026-05-26
486,368,2,2025-06-01,2026-05-26
487,369,1,2025-06-01,2026-05-26
488,370,3,2025-06-01,2025-09-08
489,370,2,2025-09-09,2026-05-26
490,371,2,2025-06-01,2026-05-26
491,372,1,2025-06-01,2026-05-26
492,373,3,2025-06-01,2026-05-26
493,374,2,2025-06-01,2026-05-26
494,375,1,2025-06-01,2026-05-26
495,376,2,2025-11-30,2026-05-26
496,377,2,2025-06-01,2025-08-24
497,377,3,2025-08-25,2026-05-26
498,378,3,2025-06-01,2026-05-26
499,379,3,2025-06-01,2026-05-26
500,380,1,2025-06-01,2025-09-07
501,380,2,2025-09-08,2026-05-26
502,381,1,2025-06-01,2025-07-16
503,381,2,2025-07-17,2026-05-26
504,382,2,2025-06-01,2026-05-26
505,383,2,2025-10-06,2026-05-26
506,384,1,2025-06-01,2025-07-17
507,384,1,2025-07-18,2026-05-26
508,385,1,2025-06-01,2026-05-26
509,386,2,2025-06-01,2026-05-26
510,387,3,2025-06-21,2025-08-19
511,387,2,2025-08-20,2026-05-26
512,388,1,2025-06-01,2026-05-26
513,389,1,2025-06-01,2025-07-18
514,389,1,2025-07-19,2026-05-26
515,390,2,2025-11-06,2026-01-01
516,390,1,2026-01-02,2026-05-26
517,391,1,2025-06-01,2026-05-26
518,392,2,2025-06-01,2026-05-26
519,393,3,2025-06-01,2026-05-26
520,394,1,2025-06-01,2026-05-26
521,395,1,2025-06-01,2026-05-26
522,396,1,2025-06-01,2026-05-26
523,397,2,2025-06-01,2026-05-26
524,398,2,2025-06-01,2026-05-26
525,399,1,2025-06-01,2025-08-16
526,399,1,2025-08-17,2026-05-26
527,400,1,2025-06-01,2026-05-26
528,401,1,2025-06-01,2026-05-26
529,402,1,2025-06-01,2026-05-26
530,403,2,2025-06-01,2026-05-26
531,404,2,2026-03-26,2026-05-26
532,405,2,2025-06-01,2026-05-26
533,406,3,2025-06-01,2026-05-26
534,407,1,2025-06-01,2025-08-23
535,407,1,2025-08-24,2026-05-26
536,408,1,2026-01-17,2026-05-26
537,409,1,2025-06-01,2026-05-26
538,410,2,2025-06-01,2026-05-26
539,411,1,2025-06-01,2025-07-24
540,411,2,2025-07-25,2026-05-26
541,412,2,2025-06-01,2026-05-26
542,413,1,2025-06-01,2026-05-26
543,414,2,2025-06-01,2026-05-26
544,415,2,2025-07-03,2026-05-26
545,416,1,2025-06-01,2025-09-06
546,416,2,2025-09-07,2026-05-26
547,417,3,2026-05-24,2026-05-26
548,417,2,2026-05-26,2026-05-26
549,418,2,2025-06-01,2025-08-15
550,418,3,2025-08-16,2026-05-26
551,419,2,2026-05-15,2026-05-26
552,420,2,2025-06-01,2026-05-26
553,421,2,2025-06-01,2026-05-26
554,422,1,2025-06-01,2026-05-26
555,423,2,2025-06-01,2026-05-26
556,424,3,2026-01-08,2026-05-26
557,425,2,2025-06-01,2025-08-26
558,425,2,2025-08-27,2026-05-26
559,426,1,2025-06-01,2026-05-26
560,427,1,2025-06-01,2026-05-26
561,428,1,2025-06-01,2026-05-26
562,429,1,2025-06-01,2026-05-26
563,430,1,2025-06-01,2026-05-26
564,431,2,2025-06-01,2025-08-24
565,431,1,2025-08-25,2026-05-26
566,432,1,2025-06-01,2026-05-26
567,433,3,2025-06-01,2026-05-26
568,434,1,2025-06-01,2026-05-26
569,435,1,2025-06-01,2026-05-26
570,436,1,2025-06-01,2026-05-26
571,437,3,2025-06-01,2026-05-26
572,438,3,2025-06-01,2025-07-25
573,438,2,2025-07-26,2026-05-26
574,439,2,2025-08-18,2026-05-26
575,440,2,2025-06-01,2025-07-24
576,440,3,2025-07-25,2026-05-26
577,441,2,2025-06-01,2026-05-26
578,442,2,2025-06-01,2025-07-26
579,442,1,2025-07-27,2026-05-26
580,443,3,2025-06-01,2026-05-26
581,444,2,2025-06-01,2025-07-24
582,444,1,2025-07-25,2026-05-26
583,445,2,2025-06-01,2026-05-26
584,446,3,2025-10-13,2026-05-26
585,447,2,2025-06-01,2026-05-26
586,448,1,2025-06-01,2026-05-26
587,449,1,2025-06-01,2025-08-27
588,449,1,2025-08-28,2026-05-26
589,450,2,2025-06-01,2025-09-06
590,450,2,2025-09-07,2026-05-26
591,451,1,2025-06-01,2025-08-03
592,451,1,2025-08-04,2026-05-26
593,452,1,2025-06-01,2025-07-27
594,452,2,2025-07-28,2026-05-26
595,453,1,2025-06-01,2025-08-14
596,453,2,2025-08-15,2026-05-26
597,454,1,2025-06-01,2025-08-29
598,454,2,2025-08-30,2026-05-26
599,455,2,2025-06-01,2026-05-26
600,456,2,2026-01-04,2026-05-26
601,457,1,2025-06-01,2026-05-26
602,458,2,2026-03-16,2026-05-22
603,458,1,2026-05-23,2026-05-26
604,459,2,2026-04-03,2026-05-26
605,459,1,2026-05-26,2026-05-26
606,460,1,2025-08-22,2026-05-26
607,461,1,2025-11-18,2026-05-26
608,462,1,2025-06-01,2026-05-26
609,463,1,2025-06-01,2026-05-26
610,464,1,2025-06-01,2026-05-26
611,465,1,2025-06-01,2026-05-26
612,466,2,2025-07-24,2026-05-26
613,467,1,2025-06-01,2026-05-26
614,468,2,2025-06-01,2026-05-26
615,469,2,2025-06-01,2026-05-26
616,470,1,2025-06-01,2026-05-26
617,471,3,2025-06-01,2026-05-26
618,472,2,2025-06-01,2025-08-03
619,472,1,2025-08-04,2026-05-26
620,473,2,2025-06-01,2026-05-26
621,474,2,2025-06-01,2025-09-07
622,474,1,2025-09-08,2026-05-26
623,475,2,2025-06-01,2026-05-26
624,476,2,2025-06-01,2026-05-26
625,477,1,2026-03-16,2026-05-26
626,477,1,2026-05-26,2026-05-26
627,478,3,2025-06-01,2025-08-23
628,478,2,2025-08-24,2026-05-26
629,479,1,2025-06-01,2026-05-26
630,480,3,2025-06-01,2026-05-26
631,481,1,2025-06-01,2026-05-26
632,482,3,2025-06-01,2026-05-26
633,483,2,2025-06-01,2025-07-26
634,483,2,2025-07-27,2026-05-26
635,484,2,2025-06-01,2025-08-07
636,484,1,2025-08-08,2026-05-26
637,485,3,2025-06-01,2026-05-26
638,486,3,2025-06-01,2026-05-26
639,487,1,2025-06-01,2025-08-08
640,487,2,2025-08-09,2026-05-26
641,488,1,2025-06-01,2026-05-26
642,489,2,2025-06-01,2026-05-26
643,490,1,2025-06-01,2026-05-26
644,491,2,2025-06-22,2025-08-13
645,491,1,2025-08-14,2026-05-26
646,492,2,2025-06-01,2026-05-26
647,493,1,2025-08-31,2026-05-26
648,494,1,2025-06-01,2025-07-30
649,494,3,2025-07-31,2026-05-26
650,495,1,2025-06-01,2026-05-26
651,496,1,2026-05-10,2026-05-26
652,496,2,2026-05-26,2026-05-26
653,497,2,2025-06-01,2026-05-26
654,498,2,2025-06-01,2026-05-26
655,499,1,2025-06-01,2026-05-26
656,500,3,2025-10-09,2026-05-26
657,501,2,2025-06-01,2026-05-26
658,502,3,2025-08-31,2026-05-26
659,503,3,2025-07-30,2026-05-26
660,504,1,2026-05-15,2026-05-26
661,505,3,2025-06-01,2026-05-26
662,506,3,2025-06-01,2026-05-26
663,507,3,2025-06-01,2026-05-26
664,508,1,2025-06-01,2026-05-26
665,509,1,2025-06-01,2026-05-26
666,510,2,2025-06-01,2026-05-26
667,511,2,2025-06-01,2025-08-27
668,511,1,2025-08-28,2026-05-26
669,512,3,2025-06-01,2025-08-02
670,512,1,2025-08-03,2026-05-26
671,513,1,2025-06-01,2026-05-26
672,514,3,2025-06-01,2026-05-26
673,515,1,2025-06-01,2025-07-29
674,515,3,2025-07-30,2026-05-26
675,516,3,2025-06-21,2025-08-21
676,516,1,2025-08-22,2026-05-26
677,517,2,2025-10-23,2026-05-26
678,518,1,2026-03-23,2026-05-26
679,519,1,2025-06-01,2026-05-26
680,520,1,2025-06-01,2025-09-01
681,520,1,2025-09-02,2026-05-26
682,521,1,2025-06-01,2025-07-19
683,521,3,2025-07-20,2026-05-26
684,522,1,2025-06-01,2026-05-26
685,523,1,2025-06-01,2026-05-26
686,524,3,2025-06-01,2026-05-26
687,525,2,2025-06-01,2026-05-26
688,526,2,2025-06-01,2025-08-02
689,526,2,2025-08-03,2026-05-26
690,527,1,2025-06-01,2026-05-26
691,528,1,2025-06-01,2025-07-23
692,528,2,2025-07-24,2026-05-26
693,529,2,2025-07-12,2026-05-26
694,530,1,2025-06-01,2026-05-26
695,531,3,2025-06-01,2026-05-26
696,532,3,2025-06-01,2026-05-26
697,533,1,2025-06-01,2025-08-05
698,533,1,2025-08-06,2026-05-26
699,534,3,2025-06-01,2026-05-26
700,535,3,2025-06-01,2026-05-26
701,536,1,2025-06-01,2025-08-13
702,536,2,2025-08-14,2026-05-26
703,537,2,2025-06-01,2026-05-26
704,538,1,2025-06-01,2025-08-07
705,538,2,2025-08-08,2026-05-26
706,539,3,2025-06-01,2025-08-19
707,539,2,2025-08-20,2026-05-26
708,540,1,2025-06-01,2026-05-26
709,541,1,2025-06-01,2026-05-26
710,542,1,2025-06-01,2026-05-26
711,543,2,2025-06-01,2026-05-26
712,544,2,2025-06-01,2026-05-26
713,545,1,2025-06-01,2026-05-26
714,546,1,2025-06-01,2026-05-26
715,547,1,2025-06-01,2026-05-26
716,548,2,2025-08-06,2026-05-26
717,549,2,2025-06-01,2025-07-30
718,549,2,2025-07-31,2026-05-26
719,550,2,2025-08-23,2025-10-19
720,550,1,2025-10-20,2026-05-26
721,551,2,2025-12-18,2026-05-26
722,552,1,2025-06-01,2026-05-26
723,553,1,2025-06-01,2026-05-26
724,554,3,2025-06-01,2026-05-26
725,555,1,2025-06-01,2026-05-26
726,556,3,2026-03-30,2026-05-26
727,557,1,2025-06-01,2026-05-26
728,558,1,2025-06-01,2026-05-26
729,559,3,2025-06-01,2026-05-26
730,560,1,2025-06-01,2026-05-26
731,561,2,2026-05-15,2026-05-26
732,562,1,2025-06-01,2026-05-26
733,563,3,2025-06-01,2026-05-26
734,564,2,2025-10-03,2026-05-26
735,565,1,2025-06-01,2026-05-26
736,566,1,2025-06-01,2026-05-26
737,567,3,2025-06-01,2026-05-26
738,568,1,2025-06-01,2026-05-26
739,569,1,2025-06-01,2026-05-26
740,570,1,2025-06-01,2026-05-26
741,571,2,2025-06-01,2026-05-26
742,572,1,2025-06-01,2025-07-31
743,572,1,2025-08-01,2026-05-26
744,573,2,2025-06-01,2025-07-16
745,573,3,2025-07-17,2026-05-26
746,574,1,2025-06-01,2026-05-26
747,575,2,2025-12-04,2026-05-26
748,576,1,2025-06-01,2026-05-26
749,577,3,2025-06-01,2026-05-26
750,578,2,2025-06-05,2026-05-26
751,579,1,2025-06-01,2026-05-26
752,580,2,2025-08-11,2026-05-26
753,581,2,2025-06-01,2026-05-26
754,582,2,2025-06-01,2025-08-04
755,582,1,2025-08-05,2026-05-26
756,583,2,2025-06-01,2026-05-26
757,584,1,2025-06-01,2025-08-06
758,584,3,2025-08-07,2026-05-26
759,585,3,2025-06-01,2026-05-26
760,586,3,2026-04-18,2026-05-26
761,587,2,2025-06-01,2025-07-21
762,587,1,2025-07-22,2026-05-26
763,588,1,2025-06-01,2026-05-26
764,589,2,2025-11-25,2026-05-26
765,590,3,2025-06-01,2026-05-26
766,591,1,2025-06-01,2026-05-26
767,592,1,2025-06-01,2026-05-26
768,593,2,2025-06-01,2025-08-23
769,593,1,2025-08-24,2026-05-26
770,594,2,2025-06-01,2026-05-26
771,595,2,2025-06-01,2026-05-26
772,596,2,2026-03-12,2026-05-26
773,596,1,2026-05-26,2026-05-26
774,597,1,2026-05-05,2026-05-26
775,598,2,2025-06-01,2026-05-26
776,599,1,2025-06-01,2026-05-26
777,600,2,2025-06-01,2025-08-22
778,600,2,2025-08-23,2026-05-26
779,601,2,2025-06-01,2025-09-07
780,601,3,2025-09-08,2026-05-26
781,602,1,2025-06-01,2026-05-26
782,603,2,2025-06-01,2026-05-26
783,604,1,2025-06-01,2026-05-26
784,605,1,2025-06-01,2026-05-26
785,606,2,2025-06-01,2026-05-26
786,607,1,2025-06-01,2026-05-26
787,608,1,2025-06-01,2026-05-26
788,609,1,2025-06-01,2025-08-07
789,609,1,2025-08-08,2026-05-26
790,610,2,2025-06-01,2026-05-26
791,611,1,2025-06-01,2026-05-26
792,612,2,2025-06-01,2025-07-30
793,612,1,2025-07-31,2026-05-26
794,613,1,2025-06-01,2026-05-26
795,614,3,2025-06-01,2026-05-26
796,615,2,2025-06-01,2026-05-26
797,616,3,2025-12-26,2026-05-26
798,617,2,2026-05-10,2026-05-26
799,618,1,2025-06-01,2026-05-26
800,619,2,2025-06-01,2026-05-26
801,620,2,2025-06-01,2026-05-26
802,621,2,2025-06-01,2026-05-26
803,622,1,2025-06-01,2025-08-09
804,622,1,2025-08-10,2026-05-26
805,623,3,2025-08-02,2026-05-26
806,624,1,2025-06-01,2026-05-26
807,625,1,2025-06-01,2026-05-26
808,626,2,2025-06-01,2026-05-26
809,627,1,2025-06-01,2026-05-26
810,628,2,2025-06-01,2026-05-26
811,629,2,2025-06-01,2026-05-26
812,630,3,2025-06-01,2025-07-19
813,630,1,2025-07-20,2026-05-26
814,631,2,2025-06-01,2026-05-26
815,632,2,2025-06-01,2026-05-26
816,633,2,2025-06-01,2026-05-26
817,634,3,2025-06-01,2026-05-26
818,635,2,2025-06-01,2026-05-26
819,636,1,2025-06-01,2026-05-26
820,637,1,2025-06-01,2026-05-26
821,638,3,2025-06-01,2025-08-20
822,638,2,2025-08-21,2026-05-26
823,639,1,2025-06-01,2026-05-26
824,640,2,2025-06-01,2026-05-26
825,641,2,2025-06-01,2025-08-22
826,641,1,2025-08-23,2026-05-26
827,642,3,2025-06-01,2026-05-26
828,643,2,2025-06-01,2026-05-26
829,644,1,2025-06-01,2025-08-31
830,644,3,2025-09-01,2026-05-26
831,645,1,2025-06-01,2026-05-26
832,646,1,2025-06-01,2025-08-01
833,646,2,2025-08-02,2026-05-26
834,647,2,2025-06-01,2026-05-26
835,648,2,2025-06-01,2025-08-22
836,648,1,2025-08-23,2026-05-26
837,649,2,2025-06-01,2026-05-26
838,650,1,2025-06-01,2025-08-18
839,650,1,2025-08-19,2026-05-26
840,651,1,2025-06-01,2025-08-08
841,651,1,2025-08-09,2026-05-26
842,652,2,2025-06-01,2025-08-30
843,652,2,2025-08-31,2026-05-26
844,653,3,2025-06-01,2026-05-26
845,654,2,2025-06-01,2026-05-26
846,655,2,2025-06-01,2025-08-26
847,655,2,2025-08-27,2026-05-26
848,656,1,2025-06-01,2026-05-26
849,657,2,2025-06-01,2026-05-26
850,658,2,2025-06-01,2026-05-26
851,659,2,2025-06-01,2026-05-26
852,660,2,2025-06-01,2026-05-26
853,661,1,2025-09-04,2026-05-26
854,662,2,2025-07-24,2025-10-19
855,662,2,2025-10-20,2026-05-26
856,663,1,2025-06-01,2026-05-26
857,664,3,2025-06-01,2026-05-26
858,665,2,2025-06-01,2026-05-26
859,666,1,2025-06-01,2025-08-23
860,666,2,2025-08-24,2026-05-26
861,667,2,2025-06-01,2026-05-26
862,668,2,2026-04-11,2026-05-26
863,669,1,2025-06-01,2026-05-26
864,670,2,2025-06-01,2026-05-26
865,671,2,2025-06-01,2026-05-26
866,672,3,2025-06-01,2026-05-26
867,673,2,2025-06-01,2026-05-26
868,674,1,2025-06-01,2026-05-26
869,675,2,2025-06-01,2026-05-26
870,676,2,2025-06-01,2026-05-26
871,677,2,2025-06-01,2026-05-26
872,678,2,2025-06-01,2026-05-26
873,679,2,2025-06-01,2026-05-26
874,680,2,2025-10-16,2026-05-26
875,681,2,2025-06-01,2026-05-26
876,682,1,2025-06-01,2026-05-26
877,683,1,2025-06-20,2026-05-26
878,684,3,2025-06-01,2025-09-03
879,684,2,2025-09-04,2026-05-26
880,685,2,2025-06-01,2026-05-26
881,686,2,2025-06-01,2026-05-26
882,687,2,2025-09-19,2026-05-26
883,688,2,2025-06-01,2025-08-07
884,688,1,2025-08-08,2026-05-26
885,689,1,2025-06-01,2025-08-19
886,689,2,2025-08-20,2026-05-26
887,690,2,2025-06-01,2026-05-26
888,691,1,2025-06-01,2026-05-26
889,692,1,2025-06-01,2026-05-26
890,693,1,2026-04-18,2026-05-26
891,694,2,2025-06-01,2026-05-26
892,695,1,2025-06-01,2026-05-26
893,696,3,2025-08-05,2026-05-26
894,697,2,2025-06-01,2025-08-04
895,697,1,2025-08-05,2026-05-26
896,698,2,2025-06-01,2026-05-26
897,699,2,2025-06-01,2026-05-26
898,700,1,2025-06-01,2025-07-25
899,700,1,2025-07-26,2026-05-26
900,701,3,2025-06-01,2025-07-22
901,701,2,2025-07-23,2026-05-26
902,702,3,2026-01-04,2026-02-21
903,702,2,2026-02-22,2026-05-26
904,703,1,2025-06-01,2025-08-06
905,703,2,2025-08-07,2026-05-26
906,704,2,2025-06-01,2026-05-26
907,705,1,2025-06-01,2026-05-26
908,706,1,2025-06-01,2026-05-26
909,707,2,2026-05-10,2026-05-26
910,708,1,2025-06-01,2026-05-26
911,709,2,2026-04-11,2026-05-26
912,710,1,2025-06-01,2026-05-26
913,711,2,2025-06-01,2026-05-26
914,712,3,2025-06-01,2026-05-26
915,713,2,2025-06-01,2026-05-26
916,714,2,2025-06-01,2026-05-26
917,715,1,2025-11-07,2026-05-26
918,716,1,2025-06-01,2026-05-26
919,717,1,2025-08-02,2026-05-26
920,718,2,2025-06-01,2026-05-26
921,719,1,2025-06-01,2025-07-30
922,719,1,2025-07-31,2026-05-26
923,720,2,2025-06-01,2026-05-26
924,721,3,2025-06-01,2025-09-08
925,721,1,2025-09-09,2026-05-26
926,722,3,2025-06-01,2025-09-04
927,722,2,2025-09-05,2026-05-26
928,723,2,2026-05-08,2026-05-26
929,723,2,2026-05-26,2026-05-26
930,724,1,2025-06-01,2026-05-26
931,725,2,2025-06-01,2026-05-26
932,726,2,2025-06-01,2025-08-09
933,726,1,2025-08-10,2026-05-26
934,727,1,2025-06-01,2025-07-28
935,727,3,2025-07-29,2026-05-26
936,728,2,2025-06-01,2025-09-03
937,728,1,2025-09-04,2026-05-26
938,729,3,2025-06-01,2026-05-26
939,730,1,2025-06-01,2025-09-05
940,730,2,2025-09-06,2026-05-26
941,731,1,2025-10-29,2026-05-26
942,732,2,2026-04-19,2026-05-26
943,732,1,2026-05-26,2026-05-26
944,733,2,2026-03-21,2026-05-26
945,734,2,2025-06-01,2026-05-26
946,735,1,2025-06-01,2026-05-26
947,736,2,2025-09-06,2025-11-21
948,736,2,2025-11-22,2026-05-26
949,737,3,2025-06-01,2026-05-26
950,738,1,2026-03-28,2026-05-26
951,738,2,2026-05-26,2026-05-26
952,739,3,2025-06-01,2025-09-07
953,739,1,2025-09-08,2026-05-26
954,740,1,2025-06-01,2026-05-26
955,741,1,2025-08-27,2026-05-26
956,742,1,2025-09-26,2026-05-26
957,743,2,2025-11-04,2026-05-26
958,744,2,2025-06-01,2026-05-26
959,745,1,2025-06-01,2026-05-26
960,746,1,2025-06-01,2026-05-26
961,747,2,2025-10-30,2026-05-26
962,748,1,2025-06-01,2025-08-11
963,748,2,2025-08-12,2026-05-26
964,749,2,2025-06-01,2026-05-26
965,750,2,2025-12-15,2026-05-26
